date,price
2007-04-04,0.014230328
2007-04-05,0.014642859
2007-04-09,0.014230193
2007-04-10,0.014494380
2007-04-11,0.014635614
2007-04-12,0.014948284
2007-04-13,0.015126611
2007-04-16,0.014825948
2007-04-17,0.014778473
2007-04-18,0.015062899
2007-04-19,0.013924670
2007-04-20,0.014245895
2007-04-23,0.014005915
2007-04-24,0.013876568
2007-04-25,0.014029369
2007-04-26,0.013876686
2007-04-27,0.014040400
2007-04-30,0.013796919
2007-05-01,0.014542759
2007-05-02,0.014256194
2007-05-03,0.014025515
2007-05-04,0.014404907
2007-05-07,0.013918103
2007-05-08,0.014438531
2007-05-09,0.014358970
2007-05-10,0.014435947
2007-05-11,0.014632961
2007-05-14,0.014803158
2007-05-15,0.014485038
2007-05-16,0.014337212
2007-05-17,0.014231905
2007-05-18,0.014639443
2007-05-21,0.014728691
2007-05-22,0.014240603
2007-05-23,0.014449411
2007-05-24,0.014516510
2007-05-25,0.014458031
2007-05-29,0.014265590
2007-05-30,0.013700799
2007-05-31,0.014304835
2007-06-01,0.013845754
2007-06-04,0.013960244
2007-06-05,0.013916777
2007-06-06,0.013856143
2007-06-07,0.014637045
2007-06-08,0.014587086
2007-06-11,0.014101042
2007-06-12,0.014306850
2007-06-13,0.013544331
2007-06-14,0.013592846
2007-06-15,0.013492413
2007-06-18,0.013326303
2007-06-19,0.013705067
2007-06-20,0.013522050
2007-06-21,0.013457650
2007-06-22,0.013627292
2007-06-25,0.013672509
2007-06-26,0.013553018
2007-06-27,0.013850818
2007-06-28,0.013323449
2007-06-29,0.013996137
2007-07-02,0.014222397
2007-07-03,0.014173889
2007-07-05,0.013815665
2007-07-06,0.014072815
2007-07-09,0.014361740
2007-07-10,0.014498219
2007-07-11,0.014462622
2007-07-12,0.014626759
2007-07-13,0.014937954
2007-07-16,0.014795933
2007-07-17,0.014386314
2007-07-18,0.014807677
2007-07-19,0.013987041
2007-07-20,0.015010352
2007-07-23,0.014829063
2007-07-24,0.016604902
2007-07-25,0.016306376
2007-07-26,0.016783244
2007-07-27,0.017223526
2007-07-30,0.017495849
2007-07-31,0.017029264
2007-08-01,0.018329827
2007-08-02,0.017944039
2007-08-03,0.018975782
2007-08-06,0.019551288
2007-08-07,0.019696556
2007-08-08,0.019752918
2007-08-09,0.020706150
2007-08-10,0.020429104
2007-08-13,0.020253788
2007-08-14,0.021578449
2007-08-15,0.020233511
2007-08-16,0.021946327
2007-08-17,0.022226345
2007-08-20,0.022837329
2007-08-21,0.022389839
2007-08-22,0.021938914
2007-08-23,0.022318494
2007-08-24,0.022774273
2007-08-27,0.021901391
2007-08-28,0.022862150
2007-08-29,0.022825041
2007-08-30,0.022059024
2007-08-31,0.022606664
2007-09-04,0.024001656
2007-09-05,0.023698792
2007-09-06,0.022537647
2007-09-07,0.023238298
2007-09-10,0.024071424
2007-09-11,0.024007094
2007-09-12,0.023551885
2007-09-13,0.023881719
2007-09-14,0.024154320
2007-09-17,0.023155030
2007-09-18,0.024507952
2007-09-19,0.023553646
2007-09-20,0.023612368
2007-09-21,0.023743508
2007-09-24,0.023581777
2007-09-25,0.023573099
2007-09-26,0.024758331
2007-09-27,0.024036027
2007-09-28,0.024185682
2007-10-01,0.024022103
2007-10-02,0.025107571
2007-10-03,0.023632758
2007-10-04,0.023877403
2007-10-05,0.023804483
2007-10-08,0.023772636
2007-10-09,0.024596077
2007-10-10,0.024190397
2007-10-11,0.024396506
2007-10-12,0.023944447
2007-10-15,0.024101891
2007-10-16,0.023565801
2007-10-17,0.024136535
2007-10-18,0.022828620
2007-10-19,0.023502565
2007-10-22,0.023855205
2007-10-23,0.024353507
2007-10-24,0.024440159
2007-10-25,0.024281270
2007-10-26,0.023684386
2007-10-29,0.025506896
2007-10-30,0.024871445
2007-10-31,0.024697959
2007-11-01,0.025863026
2007-11-02,0.025054867
2007-11-05,0.024331356
2007-11-06,0.023713210
2007-11-07,0.024035013
2007-11-08,0.022159139
2007-11-09,0.022903253
2007-11-12,0.023319314
2007-11-13,0.023538976
2007-11-14,0.022061915
2007-11-15,0.022945581
2007-11-16,0.022101460
2007-11-19,0.022375906
2007-11-20,0.021622056
2007-11-21,0.022815421
2007-11-23,0.022131235
2007-11-26,0.022393673
2007-11-27,0.022437192
2007-11-28,0.023076741
2007-11-29,0.023857815
2007-11-30,0.023617263
2007-12-03,0.022912071
2007-12-04,0.023816411
2007-12-05,0.024512937
2007-12-06,0.024025861
2007-12-07,0.024471806
2007-12-10,0.022876210
2007-12-11,0.023313448
2007-12-12,0.024211555
2007-12-13,0.023366258
2007-12-14,0.024759115
2007-12-17,0.024867591
2007-12-18,0.024355045
2007-12-19,0.023885449
2007-12-20,0.023909999
2007-12-21,0.024547960
2007-12-24,0.023462020
2007-12-26,0.023709016
2007-12-27,0.024143160
2007-12-28,0.023128560
2007-12-31,0.023320781
2008-01-02,0.023803436
2008-01-03,0.024721975
2008-01-04,0.024349120
2008-01-07,0.024713456
2008-01-08,0.024864621
2008-01-09,0.025430331
2008-01-10,0.025648200
2008-01-11,0.025093265
2008-01-14,0.025019464
2008-01-15,0.024860865
2008-01-16,0.025598123
2008-01-17,0.025494658
2008-01-18,0.025808429
2008-01-22,0.025314450
2008-01-23,0.026929548
2008-01-24,0.026705106
2008-01-25,0.027054751
2008-01-28,0.028076456
2008-01-29,0.027706448
2008-01-30,0.026988093
2008-01-31,0.028037470
2008-02-01,0.028282786
2008-02-04,0.027294134
2008-02-05,0.027623982
2008-02-06,0.028743843
2008-02-07,0.029155536
2008-02-08,0.028809010
2008-02-11,0.028438875
2008-02-12,0.027115657
2008-02-13,0.027719580
2008-02-14,0.027795049
2008-02-15,0.027633708
2008-02-19,0.028018838
2008-02-20,0.027976299
2008-02-21,0.028657442
2008-02-22,0.028348322
2008-02-25,0.028620193
2008-02-26,0.027046937
2008-02-27,0.026511593
2008-02-28,0.027380628
2008-02-29,0.027223601
2008-03-03,0.027816365
2008-03-04,0.027270077
2008-03-05,0.026920752
2008-03-06,0.027663784
2008-03-07,0.027478659
2008-03-10,0.027359891
2008-03-11,0.027315101
2008-03-12,0.027604854
2008-03-13,0.026880811
2008-03-14,0.027323350
2008-03-17,0.027416648
2008-03-18,0.027928378
2008-03-19,0.028422059
2008-03-20,0.028818159
2008-03-24,0.028755884
2008-03-25,0.028570107
2008-03-26,0.028506440
2008-03-27,0.028216506
2008-03-28,0.027390828
2008-03-31,0.027401974
2008-04-01,0.028026175
2008-04-02,0.028415613
2008-04-03,0.028348413
2008-04-04,0.027981368
2008-04-07,0.027689767
2008-04-08,0.027758848
2008-04-09,0.027758001
2008-04-10,0.027559398
2008-04-11,0.027470908
2008-04-14,0.026926969
2008-04-15,0.028369794
2008-04-16,0.028737195
2008-04-17,0.028382205
2008-04-18,0.028985326
2008-04-21,0.027442492
2008-04-22,0.027989442
2008-04-23,0.027895447
2008-04-24,0.027804308
2008-04-25,0.028023679
2008-04-28,0.027447193
2008-04-29,0.027017682
2008-04-30,0.027059392
2008-05-01,0.027438362
2008-05-02,0.027463885
2008-05-05,0.026825117
2008-05-06,0.027838464
2008-05-07,0.025977910
2008-05-08,0.026504452
2008-05-09,0.026730461
2008-05-12,0.025666984
2008-05-13,0.026527747
2008-05-14,0.025631457
2008-05-15,0.025743574
2008-05-16,0.025842983
2008-05-19,0.025742383
2008-05-20,0.026216009
2008-05-21,0.026041412
2008-05-22,0.027263548
2008-05-23,0.026098511
2008-05-27,0.026628916
2008-05-28,0.025912091
2008-05-29,0.025967964
2008-05-30,0.025911394
2008-06-02,0.025338058
2008-06-03,0.024895869
2008-06-04,0.025029799
2008-06-05,0.025626060
2008-06-06,0.025364787
2008-06-09,0.026388664
2008-06-10,0.026997058
2008-06-11,0.026600625
2008-06-12,0.025885251
2008-06-13,0.025545224
2008-06-16,0.025592627
2008-06-17,0.025248475
2008-06-18,0.024730958
2008-06-19,0.025496209
2008-06-20,0.025189303
2008-06-23,0.024304493
2008-06-24,0.024273728
2008-06-25,0.025139696
2008-06-26,0.024661558
2008-06-27,0.025762112
2008-06-30,0.024908423
2008-07-01,0.024532868
2008-07-02,0.024836997
2008-07-03,0.024956567
2008-07-07,0.026236114
2008-07-08,0.026329854
2008-07-09,0.026962295
2008-07-10,0.027081560
2008-07-11,0.027336213
2008-07-14,0.027378029
2008-07-15,0.027960260
2008-07-16,0.027530047
2008-07-17,0.029706948
2008-07-18,0.028745020
2008-07-21,0.027883192
2008-07-22,0.028868703
2008-07-23,0.029758054
2008-07-24,0.029881719
2008-07-25,0.029874321
2008-07-28,0.028484527
2008-07-29,0.028572865
2008-07-30,0.029712315
2008-07-31,0.029166479
2008-08-01,0.029297834
2008-08-04,0.028279162
2008-08-05,0.029032307
2008-08-06,0.028530617
2008-08-07,0.027886415
2008-08-08,0.028988651
2008-08-11,0.028900658
2008-08-12,0.028242706
2008-08-13,0.029138224
2008-08-14,0.029044733
2008-08-15,0.029659510
2008-08-18,0.029829374
2008-08-19,0.029381125
2008-08-20,0.029780491
2008-08-21,0.029937542
2008-08-22,0.030423398
2008-08-25,0.030141056
2008-08-26,0.029768924
2008-08-27,0.031534007
2008-08-28,0.030306398
2008-08-29,0.031418430
2008-09-02,0.031178872
2008-09-03,0.031411477
2008-09-04,0.031646479
2008-09-05,0.032631278
2008-09-08,0.032173144
2008-09-09,0.031319482
2008-09-10,0.031212920
2008-09-11,0.031415236
2008-09-12,0.031092515
2008-09-15,0.032842539
2008-09-16,0.034549703
2008-09-17,0.033887489
2008-09-18,0.035493406
2008-09-19,0.037131937
2008-09-22,0.035177885
2008-09-23,0.036187938
2008-09-24,0.036603269
2008-09-25,0.036102217
2008-09-26,0.037587540
2008-09-29,0.037337719
2008-09-30,0.038401288
2008-10-01,0.039457213
2008-10-02,0.039940996
2008-10-03,0.041794710
2008-10-06,0.041618674
2008-10-07,0.044171601
2008-10-08,0.043572734
2008-10-09,0.046600967
2008-10-10,0.049656637
2008-10-13,0.051460466
2008-10-14,0.049992176
2008-10-15,0.052002266
2008-10-16,0.050933303
2008-10-17,0.051548758
2008-10-20,0.052302827
2008-10-21,0.053548220
2008-10-22,0.053005868
2008-10-23,0.053974178
2008-10-24,0.053030528
2008-10-27,0.052122589
2008-10-28,0.054777680
2008-10-29,0.054019430
2008-10-30,0.058397249
2008-10-31,0.059229154
2008-11-03,0.060224365
2008-11-04,0.060822244
2008-11-05,0.060163029
2008-11-06,0.061308560
2008-11-07,0.061177080
2008-11-10,0.063507167
2008-11-11,0.063555031
2008-11-12,0.063194487
2008-11-13,0.060877199
2008-11-14,0.063696002
2008-11-17,0.066320413
2008-11-18,0.065694818
2008-11-19,0.065116396
2008-11-20,0.067745353
2008-11-21,0.068260452
2008-11-24,0.067030631
2008-11-25,0.070052959
2008-11-26,0.071730684
2008-11-28,0.071977437
2008-12-01,0.073945488
2008-12-02,0.073238476
2008-12-03,0.073129680
2008-12-04,0.073719367
2008-12-05,0.073234983
2008-12-08,0.072162628
2008-12-09,0.074519719
2008-12-10,0.076102493
2008-12-11,0.073631152
2008-12-12,0.074323638
2008-12-15,0.074344267
2008-12-16,0.071379288
2008-12-17,0.075026421
2008-12-18,0.072970297
2008-12-19,0.069154473
2008-12-22,0.070300484
2008-12-23,0.070052303
2008-12-24,0.066263531
2008-12-26,0.068056528
2008-12-29,0.070348952
2008-12-30,0.069807034
2008-12-31,0.066337845
2009-01-02,0.066974180
2009-01-05,0.069434963
2009-01-06,0.067086823
2009-01-07,0.066239551
2009-01-08,0.067999166
2009-01-09,0.068145443
2009-01-12,0.064740442
2009-01-13,0.066205084
2009-01-14,0.062896924
2009-01-15,0.060683185
2009-01-16,0.057992879
2009-01-20,0.061210166
2009-01-21,0.058709708
2009-01-22,0.061787537
2009-01-23,0.061013481
2009-01-26,0.060810569
2009-01-27,0.060932374
2009-01-28,0.062473384
2009-01-29,0.059799793
2009-01-30,0.061203795
2009-02-02,0.058452648
2009-02-03,0.057321705
2009-02-04,0.059749974
2009-02-05,0.056539815
2009-02-06,0.060987195
2009-02-09,0.060604550
2009-02-10,0.056258659
2009-02-11,0.055114103
2009-02-12,0.057783348
2009-02-13,0.056016639
2009-02-17,0.058518673
2009-02-18,0.057029164
2009-02-19,0.056691920
2009-02-20,0.059160561
2009-02-23,0.057417943
2009-02-24,0.055356916
2009-02-25,0.056717322
2009-02-26,0.056634688
2009-02-27,0.057212657
2009-03-02,0.054897683
2009-03-03,0.055664930
2009-03-04,0.054418275
2009-03-05,0.051249745
2009-03-06,0.049444915
2009-03-09,0.050727160
2009-03-10,0.053074805
2009-03-11,0.050953510
2009-03-12,0.052090475
2009-03-13,0.051584370
2009-03-16,0.052919946
2009-03-17,0.053972304
2009-03-18,0.053052208
2009-03-19,0.052886980
2009-03-20,0.054954912
2009-03-23,0.055667253
2009-03-24,0.055326590
2009-03-25,0.058058329
2009-03-26,0.058797695
2009-03-27,0.057393617
2009-03-30,0.058073524
2009-03-31,0.057241017
2009-04-01,0.058959798
2009-04-02,0.057608978
2009-04-03,0.056899883
2009-04-06,0.057206855
2009-04-07,0.059241580
2009-04-08,0.057429748
2009-04-09,0.059043241
2009-04-13,0.058615253
2009-04-14,0.058789612
2009-04-15,0.060030796
2009-04-16,0.060972696
2009-04-17,0.060739794
2009-04-20,0.060094608
2009-04-21,0.060857011
2009-04-22,0.058329010
2009-04-23,0.055802770
2009-04-24,0.056597882
2009-04-27,0.055359237
2009-04-28,0.055958903
2009-04-29,0.058296344
2009-04-30,0.056276067
2009-05-01,0.055567263
2009-05-04,0.056101301
2009-05-05,0.057178236
2009-05-06,0.058027518
2009-05-07,0.056273342
2009-05-08,0.057745610
2009-05-11,0.060364958
2009-05-12,0.061113057
2009-05-13,0.058639338
2009-05-14,0.059256002
2009-05-15,0.059595323
2009-05-18,0.060295901
2009-05-19,0.060106666
2009-05-20,0.058691954
2009-05-21,0.060066105
2009-05-22,0.061737628
2009-05-26,0.060982860
2009-05-27,0.058195958
2009-05-28,0.057444808
2009-05-29,0.056748825
2009-06-01,0.057282065
2009-06-02,0.057101793
2009-06-03,0.056121520
2009-06-04,0.055609735
2009-06-05,0.054610547
2009-06-08,0.053804556
2009-06-09,0.054600737
2009-06-10,0.053080923
2009-06-11,0.050758295
2009-06-12,0.050400588
2009-06-15,0.050432701
2009-06-16,0.050677124
2009-06-17,0.050249366
2009-06-18,0.048878078
2009-06-19,0.048339051
2009-06-22,0.046663006
2009-06-23,0.047520057
2009-06-24,0.045624820
2009-06-25,0.046379047
2009-06-26,0.046381120
2009-06-29,0.045538053
2009-06-30,0.044267069
2009-07-01,0.044519031
2009-07-02,0.044246799
2009-07-06,0.044590419
2009-07-07,0.044583462
2009-07-08,0.044348851
2009-07-09,0.043535780
2009-07-10,0.042167413
2009-07-13,0.043070797
2009-07-14,0.041574425
2009-07-15,0.041378072
2009-07-16,0.040447817
2009-07-17,0.039894630
2009-07-20,0.038949345
2009-07-21,0.039399332
2009-07-22,0.039555325
2009-07-23,0.039580053
2009-07-24,0.040264794
2009-07-27,0.040655193
2009-07-28,0.040148419
2009-07-29,0.039583074
2009-07-30,0.039160748
2009-07-31,0.039239341
2009-08-03,0.037761171
2009-08-04,0.037122473
2009-08-05,0.037347897
2009-08-06,0.037147180
2009-08-07,0.035660092
2009-08-10,0.035264570
2009-08-11,0.035203209
2009-08-12,0.035173887
2009-08-13,0.034697661
2009-08-14,0.033837265
2009-08-17,0.034085351
2009-08-18,0.033682064
2009-08-19,0.033754517
2009-08-20,0.032551682
2009-08-21,0.032518100
2009-08-24,0.032218702
2009-08-25,0.032596734
2009-08-26,0.031247870
2009-08-27,0.030773218
2009-08-28,0.030585744
2009-08-31,0.030853899
2009-09-01,0.030470091
2009-09-02,0.030021202
2009-09-03,0.030542006
2009-09-04,0.030943882
2009-09-08,0.029472506
2009-09-09,0.030127754
2009-09-10,0.029682924
2009-09-11,0.031640148
2009-09-14,0.029998221
2009-09-15,0.030179346
2009-09-16,0.029593236
2009-09-17,0.030304336
2009-09-18,0.029739202
2009-09-21,0.030209222
2009-09-22,0.028550636
2009-09-23,0.028412060
2009-09-24,0.028066598
2009-09-25,0.027635179
2009-09-28,0.028664212
2009-09-29,0.029465636
2009-09-30,0.028201415
2009-10-01,0.028681751
2009-10-02,0.027774102
2009-10-05,0.028278138
2009-10-06,0.027006964
2009-10-07,0.026869904
2009-10-08,0.027138951
2009-10-09,0.026459753
2009-10-12,0.026271322
2009-10-13,0.025876951
2009-10-14,0.025872081
2009-10-15,0.026093570
2009-10-16,0.026242108
2009-10-19,0.026231415
2009-10-20,0.026537841
2009-10-21,0.026917186
2009-10-22,0.026624823
2009-10-23,0.027648065
2009-10-26,0.026529784
2009-10-27,0.026229829
2009-10-28,0.026663190
2009-10-29,0.026218017
2009-10-30,0.026655670
2009-11-02,0.026790228
2009-11-03,0.026932222
2009-11-04,0.026177482
2009-11-05,0.026186940
2009-11-06,0.026359268
2009-11-09,0.025630109
2009-11-10,0.025846330
2009-11-11,0.025262560
2009-11-12,0.025447080
2009-11-13,0.025558160
2009-11-16,0.025079583
2009-11-17,0.026057056
2009-11-18,0.026073145
2009-11-19,0.026245603
2009-11-20,0.026213489
2009-11-23,0.024646563
2009-11-24,0.025231886
2009-11-25,0.025824313
2009-11-27,0.025011142
2009-11-30,0.025298520
2009-12-01,0.026107309
2009-12-02,0.025262074
2009-12-03,0.024666912
2009-12-04,0.025731367
2009-12-07,0.026106481
2009-12-08,0.025848321
2009-12-09,0.025952205
2009-12-10,0.026236817
2009-12-11,0.026424043
2009-12-14,0.025473409
2009-12-15,0.026029524
2009-12-16,0.024757791
2009-12-17,0.026328734
2009-12-18,0.025144952
2009-12-21,0.024548319
2009-12-22,0.025808706
2009-12-23,0.025743073
2009-12-24,0.025039115
2009-12-28,0.025877649
2009-12-29,0.025887598
2009-12-30,0.025605466
2009-12-31,0.024526525
2010-01-04,0.024137272
2010-01-05,0.022915063
2010-01-06,0.023565291
2010-01-07,0.024383669
2010-01-08,0.024290894
2010-01-11,0.023866091
2010-01-12,0.024198174
2010-01-13,0.024208912
2010-01-14,0.024398026
2010-01-15,0.023635944
2010-01-19,0.024169636
2010-01-20,0.024213187
2010-01-21,0.023768193
2010-01-22,0.023235827
2010-01-25,0.022676066
2010-01-26,0.023039460
2010-01-27,0.022426715
2010-01-28,0.022347380
2010-01-29,0.022670932
2010-02-01,0.022027744
2010-02-02,0.022265021
2010-02-03,0.021322908
2010-02-04,0.022186653
2010-02-05,0.021148045
2010-02-08,0.020866998
2010-02-09,0.020566063
2010-02-10,0.020530488
2010-02-11,0.020264654
2010-02-12,0.020749026
2010-02-16,0.020920825
2010-02-17,0.020881943
2010-02-18,0.020826335
2010-02-19,0.020092098
2010-02-22,0.020370969
2010-02-23,0.020552941
2010-02-24,0.020650780
2010-02-25,0.020630496
2010-02-26,0.019591238
2010-03-01,0.019880489
2010-03-02,0.019461300
2010-03-03,0.019843636
2010-03-04,0.019295057
2010-03-05,0.019052653
2010-03-08,0.019934451
2010-03-09,0.019566474
2010-03-10,0.019103698
2010-03-11,0.019492235
2010-03-12,0.019376590
2010-03-15,0.019254429
2010-03-16,0.018826244
2010-03-17,0.019184847
2010-03-18,0.019068401
2010-03-19,0.019462078
2010-03-22,0.020117559
2010-03-23,0.019400865
2010-03-24,0.019360937
2010-03-25,0.020119535
2010-03-26,0.019314169
2010-03-29,0.019084873
2010-03-30,0.018958080
2010-03-31,0.019617869
2010-04-01,0.019455503
2010-04-05,0.019316340
2010-04-06,0.018629575
2010-04-07,0.018606450
2010-04-08,0.018816499
2010-04-09,0.018227721
2010-04-12,0.018653818
2010-04-13,0.018218029
2010-04-14,0.018548607
2010-04-15,0.018610655
2010-04-16,0.019305209
2010-04-19,0.019399254
2010-04-20,0.019539558
2010-04-21,0.019271311
2010-04-22,0.018279782
2010-04-23,0.018983038
2010-04-26,0.018269724
2010-04-27,0.018949894
2010-04-28,0.018728466
2010-04-29,0.018068056
2010-04-30,0.018922504
2010-05-03,0.018584955
2010-05-04,0.018659247
2010-05-05,0.018623661
2010-05-06,0.019716019
2010-05-07,0.019629423
2010-05-10,0.019811640
2010-05-11,0.019790314
2010-05-12,0.019700727
2010-05-13,0.018889338
2010-05-14,0.019177808
2010-05-17,0.019765178
2010-05-18,0.020391066
2010-05-19,0.020629269
2010-05-20,0.021157185
2010-05-21,0.021552194
2010-05-24,0.022169260
2010-05-25,0.021821355
2010-05-26,0.021897654
2010-05-27,0.022203171
2010-05-28,0.021107211
2010-06-01,0.021783214
2010-06-02,0.020950423
2010-06-03,0.021052764
2010-06-04,0.021629038
2010-06-07,0.022484424
2010-06-08,0.022552290
2010-06-09,0.021915351
2010-06-10,0.021693044
2010-06-11,0.021549167
2010-06-14,0.021701093
2010-06-15,0.021853313
2010-06-16,0.021484407
2010-06-17,0.021554516
2010-06-18,0.021983945
2010-06-21,0.021589529
2010-06-22,0.021930891
2010-06-23,0.021775699
2010-06-24,0.020797857
2010-06-25,0.020996908
2010-06-28,0.020599780
2010-06-29,0.022513132
2010-06-30,0.021374475
2010-07-01,0.020945481
2010-07-02,0.021924521
2010-07-06,0.022075143
2010-07-07,0.021974738
2010-07-08,0.023682828
2010-07-09,0.022434369
2010-07-12,0.022189724
2010-07-13,0.022905893
2010-07-14,0.021988033
2010-07-15,0.022382787
2010-07-16,0.021932521
2010-07-19,0.022203234
2010-07-20,0.021517814
2010-07-21,0.021201330
2010-07-22,0.023014481
2010-07-23,0.021534690
2010-07-26,0.021002295
2010-07-27,0.021152146
2010-07-28,0.022385698
2010-07-29,0.023375006
2010-07-30,0.022088059
2010-08-02,0.022209806
2010-08-03,0.021729068
2010-08-04,0.022542550
2010-08-05,0.021992849
2010-08-06,0.021439647
2010-08-09,0.022329397
2010-08-10,0.021907333
2010-08-11,0.021606795
2010-08-12,0.021679145
2010-08-13,0.021394726
2010-08-16,0.022125104
2010-08-17,0.021841366
2010-08-18,0.021476719
2010-08-19,0.020988643
2010-08-20,0.020162117
2010-08-23,0.020168704
2010-08-24,0.020563722
2010-08-25,0.020117164
2010-08-26,0.019768197
2010-08-27,0.020504110
2010-08-30,0.020292180
2010-08-31,0.020109317
2010-09-01,0.019881849
2010-09-02,0.020120684
2010-09-03,0.019576425
2010-09-07,0.019196580
2010-09-08,0.019559470
2010-09-09,0.019490748
2010-09-10,0.019605990
2010-09-13,0.018858967
2010-09-14,0.018876268
2010-09-15,0.018757281
2010-09-16,0.019105298
2010-09-17,0.019106995
2010-09-20,0.018905456
2010-09-21,0.019737965
2010-09-22,0.019587563
2010-09-23,0.019333320
2010-09-24,0.019174076
2010-09-27,0.018735184
2010-09-28,0.018832829
2010-09-29,0.019307703
2010-09-30,0.019433701
2010-10-01,0.019288382
2010-10-04,0.018918349
2010-10-05,0.019169539
2010-10-06,0.018779378
2010-10-07,0.018508938
2010-10-08,0.018607781
2010-10-11,0.018305342
2010-10-12,0.018506140
2010-10-13,0.018118091
2010-10-14,0.018202602
2010-10-15,0.017764954
2010-10-18,0.017402787
2010-10-19,0.017162914
2010-10-20,0.017192745
2010-10-21,0.017682744
2010-10-22,0.017087172
2010-10-25,0.017544542
2010-10-26,0.017652325
2010-10-27,0.017449155
2010-10-28,0.016821405
2010-10-29,0.016618059
2010-11-01,0.016452476
2010-11-02,0.016762559
2010-11-03,0.016619887
2010-11-04,0.016804593
2010-11-05,0.016904182
2010-11-08,0.017065594
2010-11-09,0.016956626
2010-11-10,0.016208468
2010-11-11,0.016259256
2010-11-12,0.016459860
2010-11-15,0.016647747
2010-11-16,0.016510856
2010-11-17,0.016534137
2010-11-18,0.016405962
2010-11-19,0.016262480
2010-11-22,0.015879351
2010-11-23,0.015930040
2010-11-24,0.016336156
2010-11-26,0.016071927
2010-11-29,0.016198242
2010-11-30,0.015658830
2010-12-01,0.015530718
2010-12-02,0.016084181
2010-12-03,0.015681101
2010-12-06,0.015880456
2010-12-07,0.015345084
2010-12-08,0.015533911
2010-12-09,0.016258311
2010-12-10,0.015923346
2010-12-13,0.015615044
2010-12-14,0.015875221
2010-12-15,0.015690596
2010-12-16,0.015570570
2010-12-17,0.015766661
2010-12-20,0.016154600
2010-12-21,0.016132856
2010-12-22,0.015487092
2010-12-23,0.016103713
2010-12-27,0.015955964
2010-12-28,0.015387383
2010-12-29,0.014805853
2010-12-30,0.015250182
2010-12-31,0.015426197
2011-01-03,0.015037277
2011-01-04,0.015370918
2011-01-05,0.015110433
2011-01-06,0.014843999
2011-01-07,0.015551777
2011-01-10,0.015534152
2011-01-11,0.015313427
2011-01-12,0.015446939
2011-01-13,0.015548200
2011-01-14,0.015804456
2011-01-18,0.015510365
2011-01-19,0.015980131
2011-01-20,0.015757682
2011-01-21,0.015147040
2011-01-24,0.015165342
2011-01-25,0.015102111
2011-01-26,0.015843439
2011-01-27,0.015671586
2011-01-28,0.015545041
2011-01-31,0.015706636
2011-02-01,0.015806755
2011-02-02,0.015582516
2011-02-03,0.016141561
2011-02-04,0.015703348
2011-02-07,0.015596136
2011-02-08,0.015282128
2011-02-09,0.015559549
2011-02-10,0.015710989
2011-02-11,0.015673590
2011-02-14,0.015392029
2011-02-15,0.015322633
2011-02-16,0.015566797
2011-02-17,0.015313377
2011-02-18,0.015328414
2011-02-22,0.015323019
2011-02-23,0.015793202
2011-02-24,0.016046430
2011-02-25,0.015008297
2011-02-28,0.015110798
2011-03-01,0.015604035
2011-03-02,0.015159981
2011-03-03,0.015630376
2011-03-04,0.015366995
2011-03-07,0.015099539
2011-03-08,0.014875580
2011-03-09,0.014841459
2011-03-10,0.014856990
2011-03-11,0.015081535
2011-03-14,0.014688145
2011-03-15,0.014611379
2011-03-16,0.014686325
2011-03-17,0.014782685
2011-03-18,0.015480034
2011-03-21,0.014969491
2011-03-22,0.014392171
2011-03-23,0.014342767
2011-03-24,0.014848195
2011-03-25,0.014467021
2011-03-28,0.014870943
2011-03-29,0.014543554
2011-03-30,0.014465054
2011-03-31,0.014597210
2011-04-01,0.014536585
2011-04-04,0.014552884
2011-04-05,0.014962795
2011-04-06,0.015730368
2011-04-07,0.015047659
2011-04-08,0.014995986
2011-04-11,0.015024355
2011-04-12,0.015259068
2011-04-13,0.014737749
2011-04-14,0.014719427
2011-04-15,0.015038310
2011-04-18,0.014974531
2011-04-19,0.014973891
2011-04-20,0.014376174
2011-04-21,0.015018486
2011-04-25,0.014256215
2011-04-26,0.014229900
2011-04-27,0.014176993
2011-04-28,0.014048549
2011-04-29,0.014391652
2011-05-02,0.013806995
2011-05-03,0.013214075
2011-05-04,0.013530003
2011-05-05,0.013686107
2011-05-06,0.013706378
2011-05-09,0.013797137
2011-05-10,0.013386306
2011-05-11,0.013393028
2011-05-12,0.013559756
2011-05-13,0.013945917
2011-05-16,0.013796798
2011-05-17,0.013268103
2011-05-18,0.013335260
2011-05-19,0.013577678
2011-05-20,0.013911654
2011-05-23,0.013248963
2011-05-24,0.013786042
2011-05-25,0.013055120
2011-05-26,0.013258082
2011-05-27,0.013175581
2011-05-31,0.012764863
2011-06-01,0.013938732
2011-06-02,0.013772867
2011-06-03,0.013470873
2011-06-06,0.013624350
2011-06-07,0.013498589
2011-06-08,0.013833224
2011-06-09,0.013971879
2011-06-10,0.013853421
2011-06-13,0.013946230
2011-06-14,0.014475407
2011-06-15,0.014468971
2011-06-16,0.014123495
2011-06-17,0.013767200
2011-06-20,0.013945790
2011-06-21,0.013622812
2011-06-22,0.013767922
2011-06-23,0.013570812
2011-06-24,0.013500195
2011-06-27,0.013613577
2011-06-28,0.013617124
2011-06-29,0.013627567
2011-06-30,0.013296330
2011-07-01,0.014284878
2011-07-05,0.013693659
2011-07-06,0.013689448
2011-07-07,0.013581623
2011-07-08,0.013653094
2011-07-11,0.014049140
2011-07-12,0.014070618
2011-07-13,0.013889319
2011-07-14,0.013918612
2011-07-15,0.014332836
2011-07-18,0.013627915
2011-07-19,0.014281161
2011-07-20,0.013868679
2011-07-21,0.013913774
2011-07-22,0.014292998
2011-07-25,0.014061367
2011-07-26,0.013799136
2011-07-27,0.014786949
2011-07-28,0.014870589
2011-07-29,0.014840471
2011-08-01,0.014282022
2011-08-02,0.014996290
2011-08-03,0.014711837
2011-08-04,0.015441939
2011-08-05,0.015926227
2011-08-08,0.016749718
2011-08-09,0.018425993
2011-08-10,0.018704392
2011-08-11,0.019266820
2011-08-12,0.020063406
2011-08-15,0.019759430
2011-08-16,0.020464348
2011-08-17,0.020678239
2011-08-18,0.021427812
2011-08-19,0.020598259
2011-08-22,0.020410706
2011-08-23,0.022344285
2011-08-24,0.021865537
2011-08-25,0.023448842
2011-08-26,0.024397844
2011-08-29,0.025469817
2011-08-30,0.024154976
2011-08-31,0.024660629
2011-09-01,0.024243975
2011-09-02,0.025433922
2011-09-06,0.025267231
2011-09-07,0.026011317
2011-09-08,0.025543790
2011-09-09,0.025244688
2011-09-12,0.024943576
2011-09-13,0.024765545
2011-09-14,0.024617009
2011-09-15,0.025823454
2011-09-16,0.025580642
2011-09-19,0.025180774
2011-09-20,0.025284736
2011-09-21,0.026773848
2011-09-22,0.027488890
2011-09-23,0.026866060
2011-09-26,0.027706091
2011-09-27,0.027687628
2011-09-28,0.027748166
2011-09-29,0.027197353
2011-09-30,0.027367891
2011-10-03,0.027749311
2011-10-04,0.028243673
2011-10-05,0.027658969
2011-10-06,0.027812048
2011-10-07,0.028595925
2011-10-10,0.029238247
2011-10-11,0.028898210
2011-10-12,0.030289103
2011-10-13,0.029668392
2011-10-14,0.028890426
2011-10-17,0.028331624
2011-10-18,0.030015581
2011-10-19,0.030323251
2011-10-20,0.029264835
2011-10-21,0.030132112
2011-10-24,0.030170390
2011-10-25,0.030493172
2011-10-26,0.031247639
2011-10-27,0.030814437
2011-10-28,0.029634682
2011-10-31,0.030121583
2011-11-01,0.031947683
2011-11-02,0.031454450
2011-11-03,0.031079336
2011-11-04,0.030966756
2011-11-07,0.030453151
2011-11-08,0.029064863
2011-11-09,0.028836125
2011-11-10,0.028207057
2011-11-11,0.026980117
2011-11-14,0.027167365
2011-11-15,0.028081420
2011-11-16,0.026848414
2011-11-17,0.026409150
2011-11-18,0.026232436
2011-11-21,0.024867838
2011-11-22,0.024401901
2011-11-23,0.025097323
2011-11-25,0.025023252
2011-11-28,0.024726452
2011-11-29,0.024095222
2011-11-30,0.024798964
2011-12-01,0.025350005
2011-12-02,0.023882920
2011-12-05,0.025891784
2011-12-06,0.025047831
2011-12-07,0.024334302
2011-12-08,0.023795187
2011-12-09,0.024855602
2011-12-12,0.025546225
2011-12-13,0.024595498
2011-12-14,0.024532683
2011-12-15,0.024932119
2011-12-16,0.024250584
2011-12-19,0.023893630
2011-12-20,0.024154245
2011-12-21,0.024708788
2011-12-22,0.024510950
2011-12-23,0.024909688
2011-12-27,0.024474953
2011-12-28,0.024259687
2011-12-29,0.023814107
2011-12-30,0.023505857
2012-01-03,0.023545371
2012-01-04,0.023095631
2012-01-05,0.022625471
2012-01-06,0.023230952
2012-01-09,0.022776097
2012-01-10,0.023443431
2012-01-11,0.023293150
2012-01-12,0.022125937
2012-01-13,0.022902214
2012-01-17,0.023127147
2012-01-18,0.022675655
2012-01-19,0.022653147
2012-01-20,0.021198009
2012-01-23,0.021697878
2012-01-24,0.022023582
2012-01-25,0.021211847
2012-01-26,0.019908118
2012-01-27,0.018543808
2012-01-30,0.019794745
2012-01-31,0.018784329
2012-02-01,0.019262503
2012-02-02,0.019252976
2012-02-03,0.018845555
2012-02-06,0.018563881
2012-02-07,0.018323342
2012-02-08,0.017939037
2012-02-09,0.017981079
2012-02-10,0.017623070
2012-02-13,0.016959082
2012-02-14,0.016919230
2012-02-15,0.017411727
2012-02-16,0.017374696
2012-02-17,0.017620549
2012-02-21,0.017442853
2012-02-22,0.018186923
2012-02-23,0.017596189
2012-02-24,0.016684412
2012-02-27,0.017177184
2012-02-28,0.016842284
2012-02-29,0.017128498
2012-03-01,0.017416596
2012-03-02,0.016992636
2012-03-05,0.016913153
2012-03-06,0.016112559
2012-03-07,0.016080873
2012-03-08,0.015724531
2012-03-09,0.016031504
2012-03-12,0.015696656
2012-03-13,0.015647870
2012-03-14,0.016092602
2012-03-15,0.016458532
2012-03-16,0.015762503
2012-03-19,0.015973958
2012-03-20,0.015310796
2012-03-21,0.015439601
2012-03-22,0.015306393
2012-03-23,0.014155094
2012-03-26,0.015036535
2012-03-27,0.014813296
2012-03-28,0.014751976
2012-03-29,0.014932990
2012-03-30,0.015461536
2012-04-02,0.015087949
2012-04-03,0.014853156
2012-04-04,0.015281123
2012-04-05,0.015170671
2012-04-09,0.015551482
2012-04-10,0.015350896
2012-04-11,0.014835140
2012-04-12,0.014983839
2012-04-13,0.015486967
2012-04-16,0.015692146
2012-04-17,0.015487159
2012-04-18,0.015131210
2012-04-19,0.015293136
2012-04-20,0.015282257
2012-04-23,0.015437297
2012-04-24,0.015525785
2012-04-25,0.015532676
2012-04-26,0.015358814
2012-04-27,0.015491618
2012-04-30,0.015379238
2012-05-01,0.015286808
2012-05-02,0.015412508
2012-05-03,0.015216611
2012-05-04,0.016327800
2012-05-07,0.015743733
2012-05-08,0.015729749
2012-05-09,0.015417358
2012-05-10,0.014517235
2012-05-11,0.014538779
2012-05-14,0.014947072
2012-05-15,0.015617746
2012-05-16,0.015733974
2012-05-17,0.015120992
2012-05-18,0.015480155
2012-05-21,0.015173355
2012-05-22,0.014814120
2012-05-23,0.015024550
2012-05-24,0.015251691
2012-05-25,0.014989570
2012-05-29,0.015265548
2012-05-30,0.014949967
2012-05-31,0.015078008
2012-06-01,0.015450010
2012-06-04,0.015872140
2012-06-05,0.015585459
2012-06-06,0.016224756
2012-06-07,0.016599857
2012-06-08,0.015778606
2012-06-11,0.016613390
2012-06-12,0.016071590
2012-06-13,0.015192375
2012-06-14,0.015340590
2012-06-15,0.015297938
2012-06-18,0.015427892
2012-06-19,0.015842983
2012-06-20,0.015525102
2012-06-21,0.016241552
2012-06-22,0.016589778
2012-06-25,0.016675939
2012-06-26,0.015963612
2012-06-27,0.015942873
2012-06-28,0.015882490
2012-06-29,0.016184096
2012-07-02,0.015952430
2012-07-03,0.015530339
2012-07-05,0.016646497
2012-07-06,0.015959603
2012-07-09,0.015548181
2012-07-10,0.015696909
2012-07-11,0.016167659
2012-07-12,0.016110917
2012-07-13,0.015735797
2012-07-16,0.015516286
2012-07-17,0.015664182
2012-07-18,0.015332134
2012-07-19,0.015548225
2012-07-20,0.015951846
2012-07-23,0.015749011
2012-07-24,0.015580219
2012-07-25,0.015006462
2012-07-26,0.015927378
2012-07-27,0.015657480
2012-07-30,0.016058025
2012-07-31,0.015625944
2012-08-01,0.015931460
2012-08-02,0.016381479
2012-08-03,0.015995441
2012-08-06,0.016663061
2012-08-07,0.017191995
2012-08-08,0.016512367
2012-08-09,0.016687960
2012-08-10,0.016536003
2012-08-13,0.017459758
2012-08-14,0.017128244
2012-08-15,0.017161766
2012-08-16,0.017154225
2012-08-17,0.015864345
2012-08-20,0.016790184
2012-08-21,0.016205622
2012-08-22,0.015792593
2012-08-23,0.015987833
2012-08-24,0.016382752
2012-08-27,0.016600915
2012-08-28,0.016274519
2012-08-29,0.016080033
2012-08-30,0.015789207
2012-08-31,0.015220866
2012-09-04,0.015238912
2012-09-05,0.015444393
2012-09-06,0.015284248
2012-09-07,0.015644712
2012-09-10,0.015869181
2012-09-11,0.015603129
2012-09-12,0.016003797
2012-09-13,0.015380045
2012-09-14,0.015472898
2012-09-17,0.015135533
2012-09-18,0.014880723
2012-09-19,0.015062214
2012-09-20,0.014144834
2012-09-21,0.014176029
2012-09-24,0.013915834
2012-09-25,0.013880604
2012-09-26,0.014085009
2012-09-27,0.014107663
2012-09-28,0.014026188
2012-10-01,0.013796189
2012-10-02,0.013444623
2012-10-03,0.013577574
2012-10-04,0.013763101
2012-10-05,0.013141693
2012-10-08,0.013045724
2012-10-09,0.012969433
2012-10-10,0.012969794
2012-10-11,0.013472592
2012-10-12,0.013148099
2012-10-15,0.013324979
2012-10-16,0.013300254
2012-10-17,0.013572305
2012-10-18,0.013462883
2012-10-19,0.013708540
2012-10-22,0.013575145
2012-10-23,0.013826913
2012-10-24,0.013775355
2012-10-25,0.012909795
2012-10-26,0.013225776
2012-10-31,0.012969266
2012-11-01,0.013233490
2012-11-02,0.013147223
2012-11-05,0.013260116
2012-11-06,0.013032481
2012-11-07,0.013875643
2012-11-08,0.013905441
2012-11-09,0.013252879
2012-11-12,0.013219349
2012-11-13,0.013182527
2012-11-14,0.013432121
2012-11-15,0.013281230
2012-11-16,0.013006800
2012-11-19,0.013106912
2012-11-20,0.012876977
2012-11-21,0.013589825
2012-11-23,0.013398989
2012-11-26,0.013757728
2012-11-27,0.013823970
2012-11-28,0.013593548
2012-11-29,0.013642136
2012-11-30,0.013302225
2012-12-03,0.013479174
2012-12-04,0.013795670
2012-12-05,0.014102109
2012-12-06,0.013852089
2012-12-07,0.013780262
2012-12-10,0.013443733
2012-12-11,0.013614858
2012-12-12,0.013701818
2012-12-13,0.013435984
2012-12-14,0.013339960
2012-12-17,0.012977102
2012-12-18,0.013105110
2012-12-19,0.013033128
2012-12-20,0.013531035
2012-12-21,0.013404354
2012-12-24,0.013598248
2012-12-26,0.013348611
2012-12-27,0.013411604
2012-12-28,0.013436613
2012-12-31,0.013611618
2013-01-02,0.013576834
2013-01-03,0.013352264
2013-01-04,0.013266558
2013-01-07,0.013266606
2013-01-08,0.013243781
2013-01-09,0.013474489
2013-01-10,0.013735178
2013-01-11,0.013124875
2013-01-14,0.013621253
2013-01-15,0.013651412
2013-01-16,0.013841769
2013-01-17,0.013932243
2013-01-18,0.013318896
2013-01-22,0.013936192
2013-01-23,0.014128221
2013-01-24,0.013886247
2013-01-25,0.013779268
2013-01-28,0.013917722
2013-01-29,0.014039894
2013-01-30,0.013986229
2013-01-31,0.014101178
2013-02-01,0.013493672
2013-02-04,0.014076164
2013-02-05,0.014421796
2013-02-06,0.013944786
2013-02-07,0.014241924
2013-02-08,0.014034752
2013-02-11,0.013557890
2013-02-12,0.013141558
2013-02-13,0.012714239
2013-02-14,0.013400690
2013-02-15,0.013219382
2013-02-19,0.012580101
2013-02-20,0.012849321
2013-02-21,0.012680283
2013-02-22,0.012665052
2013-02-25,0.013057999
2013-02-26,0.013756724
2013-02-27,0.013010993
2013-02-28,0.013689162
2013-03-01,0.013140133
2013-03-04,0.012966087
2013-03-05,0.012880488
2013-03-06,0.012743038
2013-03-07,0.013181103
2013-03-08,0.013232167
2013-03-11,0.012687668
2013-03-12,0.012752452
2013-03-13,0.012938501
2013-03-14,0.013135008
2013-03-15,0.013420632
2013-03-18,0.013067640
2013-03-19,0.013122284
2013-03-20,0.012948761
2013-03-21,0.012550997
2013-03-22,0.012744598
2013-03-25,0.012659597
2013-03-26,0.012136657
2013-03-27,0.012030234
2013-03-28,0.012646699
2013-04-01,0.012267831
2013-04-02,0.012032679
2013-04-03,0.012204186
2013-04-04,0.012180372
2013-04-05,0.012141762
2013-04-08,0.011810125
2013-04-09,0.012092188
2013-04-10,0.012171546
2013-04-11,0.012118876
2013-04-12,0.012344281
2013-04-15,0.012752348
2013-04-16,0.013207036
2013-04-17,0.013228124
2013-04-18,0.013648171
2013-04-19,0.013851559
2013-04-22,0.013936175
2013-04-23,0.014285614
2013-04-24,0.013727669
2013-04-25,0.013846065
2013-04-26,0.013555993
2013-04-29,0.013145463
2013-04-30,0.013058420
2013-05-01,0.013472144
2013-05-02,0.014039095
2013-05-03,0.013657484
2013-05-06,0.014270683
2013-05-07,0.013825968
2013-05-08,0.013518271
2013-05-09,0.013589534
2013-05-10,0.013491146
2013-05-13,0.013817032
2013-05-14,0.013809568
2013-05-15,0.013578764
2013-05-16,0.013113083
2013-05-17,0.013311215
2013-05-20,0.012970583
2013-05-21,0.013063092
2013-05-22,0.013226873
2013-05-23,0.013053032
2013-05-24,0.013150428
2013-05-28,0.013260410
2013-05-29,0.013242682
2013-05-30,0.013491556
2013-05-31,0.013802533
2013-06-03,0.013122169
2013-06-04,0.013136965
2013-06-05,0.012905466
2013-06-06,0.012793700
2013-06-07,0.012717622
2013-06-10,0.012920943
2013-06-11,0.013073466
2013-06-12,0.012970640
2013-06-13,0.012883585
2013-06-14,0.013447644
2013-06-17,0.013473947
2013-06-18,0.013697422
2013-06-19,0.013431370
2013-06-20,0.013288193
2013-06-21,0.013349329
2013-06-24,0.013536193
2013-06-25,0.014489933
2013-06-26,0.014520669
2013-06-27,0.014193723
2013-06-28,0.014494125
2013-07-01,0.014393169
2013-07-02,0.013878335
2013-07-03,0.014451120
2013-07-05,0.014618199
2013-07-08,0.014807220
2013-07-09,0.014846144
2013-07-10,0.014704048
2013-07-11,0.014596832
2013-07-12,0.014519502
2013-07-15,0.014717931
2013-07-16,0.013929094
2013-07-17,0.014204932
2013-07-18,0.013997447
2013-07-19,0.014165356
2013-07-22,0.013995400
2013-07-23,0.014510174
2013-07-24,0.014364664
2013-07-25,0.014847115
2013-07-26,0.014036048
2013-07-29,0.014385506
2013-07-30,0.014581153
2013-07-31,0.014218663
2013-08-01,0.014604255
2013-08-02,0.014177964
2013-08-05,0.014334903
2013-08-06,0.014084682
2013-08-07,0.013750160
2013-08-08,0.013801946
2013-08-09,0.013489355
2013-08-12,0.013259484
2013-08-13,0.013558264
2013-08-14,0.013668072
2013-08-15,0.013793454
2013-08-16,0.013811919
2013-08-19,0.013468396
2013-08-20,0.013047030
2013-08-21,0.013551772
2013-08-22,0.013239459
2013-08-23,0.013485362
2013-08-26,0.013960036
2013-08-27,0.013809634
2013-08-28,0.014017204
2013-08-29,0.013818561
2013-08-30,0.013379513
2013-09-03,0.013535383
2013-09-04,0.014027622
2013-09-05,0.013668383
2013-09-06,0.014202991
2013-09-09,0.013561484
2013-09-10,0.013286739
2013-09-11,0.013458186
2013-09-12,0.013627992
2013-09-13,0.013907567
2013-09-16,0.013205721
2013-09-17,0.013368845
2013-09-18,0.013196013
2013-09-19,0.013513034
2013-09-20,0.013318324
2013-09-23,0.013618376
2013-09-24,0.013227109
2013-09-25,0.013459726
2013-09-26,0.012926692
2013-09-27,0.012650896
2013-09-30,0.013049985
2013-10-01,0.012906252
2013-10-02,0.012734344
2013-10-03,0.012278261
2013-10-04,0.011985397
2013-10-07,0.012234698
2013-10-08,0.011895745
2013-10-09,0.012070925
2013-10-10,0.012271515
2013-10-11,0.012020439
2013-10-14,0.012452109
2013-10-15,0.012419903
2013-10-16,0.012066137
2013-10-17,0.012263163
2013-10-18,0.012712430
2013-10-21,0.012582537
2013-10-22,0.012204882
2013-10-23,0.011939545
2013-10-24,0.011840913
2013-10-25,0.011761403
2013-10-28,0.012210901
2013-10-29,0.012413168
2013-10-30,0.012012673
2013-10-31,0.012008952
2013-11-01,0.012038743
2013-11-04,0.012106873
2013-11-05,0.012008376
2013-11-06,0.012058665
2013-11-07,0.012611687
2013-11-08,0.013178663
2013-11-11,0.012855401
2013-11-12,0.012768732
2013-11-13,0.012630694
2013-11-14,0.013003734
2013-11-15,0.013204371
2013-11-18,0.012924881
2013-11-19,0.012494575
2013-11-20,0.013235628
2013-11-21,0.013402331
2013-11-22,0.012876076
2013-11-25,0.012960665
2013-11-26,0.012177853
2013-11-27,0.012100587
2013-11-29,0.011811430
2013-12-02,0.011821052
2013-12-03,0.012024406
2013-12-04,0.011917596
2013-12-05,0.011821281
2013-12-06,0.011864082
2013-12-09,0.011699831
2013-12-10,0.012242083
2013-12-11,0.012334942
2013-12-12,0.011930390
2013-12-13,0.012262652
2013-12-16,0.012521261
2013-12-17,0.012583743
2013-12-18,0.012442832
2013-12-19,0.013116157
2013-12-20,0.012531761
2013-12-23,0.012610305
2013-12-24,0.012509518
2013-12-26,0.012069168
2013-12-27,0.012418710
2013-12-30,0.012443562
2013-12-31,0.012260567
2014-01-02,0.012632979
2014-01-03,0.012950373
2014-01-06,0.012777826
2014-01-07,0.013067367
2014-01-08,0.012537175
2014-01-09,0.012264023
2014-01-10,0.012065341
2014-01-13,0.012269546
2014-01-14,0.011566852
2014-01-15,0.011787921
2014-01-16,0.011812252
2014-01-17,0.011885451
2014-01-21,0.011487117
2014-01-22,0.011469113
2014-01-23,0.012176400
2014-01-24,0.013279179
2014-01-27,0.012392671
2014-01-28,0.013048868
2014-01-29,0.013333902
2014-01-30,0.013353402
2014-01-31,0.012871682
2014-02-03,0.014307522
2014-02-04,0.013987181
2014-02-05,0.014248886
2014-02-06,0.014088033
2014-02-07,0.014193830
2014-02-10,0.014112556
2014-02-11,0.015016234
2014-02-12,0.014539824
2014-02-13,0.014208611
2014-02-14,0.014262313
2014-02-18,0.014799046
2014-02-19,0.014594695
2014-02-20,0.014248503
2014-02-21,0.014000297
2014-02-24,0.014005473
2014-02-25,0.014345775
2014-02-26,0.014032328
2014-02-27,0.014765087
2014-02-28,0.014528190
2014-03-03,0.014486046
2014-03-04,0.014595967
2014-03-05,0.015094530
2014-03-06,0.015024908
2014-03-07,0.014906970
2014-03-10,0.013964628
2014-03-11,0.014531665
2014-03-12,0.014360793
2014-03-13,0.014201112
2014-03-14,0.014668116
2014-03-17,0.014562395
2014-03-18,0.014748936
2014-03-19,0.014162961
2014-03-20,0.014193870
2014-03-21,0.014463594
2014-03-24,0.014342970
2014-03-25,0.014283079
2014-03-26,0.014084421
2014-03-27,0.014156161
2014-03-28,0.014245773
2014-03-31,0.014245393
2014-04-01,0.014483541
2014-04-02,0.014817466
2014-04-03,0.014533212
2014-04-04,0.014061770
2014-04-07,0.014185177
2014-04-08,0.014341507
2014-04-09,0.014301215
2014-04-10,0.014422705
2014-04-11,0.014944967
2014-04-14,0.014276390
2014-04-15,0.014259831
2014-04-16,0.014066451
2014-04-17,0.013864445
2014-04-21,0.013824438
2014-04-22,0.013805617
2014-04-23,0.013449831
2014-04-24,0.013461087
2014-04-25,0.013785525
2014-04-28,0.013494233
2014-04-29,0.013234573
2014-04-30,0.013392672
2014-05-01,0.013402601
2014-05-02,0.013604238
2014-05-05,0.013349282
2014-05-06,0.012964426
2014-05-07,0.012637391
2014-05-08,0.012755587
2014-05-09,0.012712706
2014-05-12,0.012414372
2014-05-13,0.012709021
2014-05-14,0.012610162
2014-05-15,0.012161606
2014-05-16,0.012663562
2014-05-19,0.012648696
2014-05-20,0.012488259
2014-05-21,0.012374170
2014-05-22,0.012103803
2014-05-23,0.011851585
2014-05-27,0.012166038
2014-05-28,0.012720883
2014-05-29,0.012165160
2014-05-30,0.012434492
2014-06-02,0.012158732
2014-06-03,0.012202350
2014-06-04,0.012123505
2014-06-05,0.011935673
2014-06-06,0.012102897
2014-06-09,0.012178255
2014-06-10,0.012054060
2014-06-11,0.012084235
2014-06-12,0.012429943
2014-06-13,0.012258676
2014-06-16,0.012582704
2014-06-17,0.012472997
2014-06-18,0.012359595
2014-06-19,0.011707415
2014-06-20,0.011896782
2014-06-23,0.011326962
2014-06-24,0.011725717
2014-06-25,0.011425195
2014-06-26,0.011553795
2014-06-27,0.011598040
2014-06-30,0.011446682
2014-07-01,0.011705828
2014-07-02,0.011587473
2014-07-03,0.011674750
2014-07-07,0.011648946
2014-07-08,0.011288628
2014-07-09,0.011535211
2014-07-10,0.011560343
2014-07-11,0.011092577
2014-07-14,0.010749686
2014-07-15,0.010906552
2014-07-16,0.009871848
2014-07-17,0.009848379
2014-07-18,0.010281997
2014-07-21,0.009821314
2014-07-22,0.010077655
2014-07-23,0.010509385
2014-07-24,0.010412231
2014-07-25,0.009910591
2014-07-28,0.009940408
2014-07-29,0.010184951
2014-07-30,0.010354530
2014-07-31,0.010540417
2014-08-01,0.010121869
2014-08-04,0.010219828
2014-08-05,0.010391016
2014-08-06,0.010473451
2014-08-07,0.009937300
2014-08-08,0.010099464
2014-08-11,0.010026453
2014-08-12,0.009899140
2014-08-13,0.009737818
2014-08-14,0.009731711
2014-08-15,0.009918781
2014-08-18,0.009874663
2014-08-19,0.010260549
2014-08-20,0.010217710
2014-08-21,0.010578761
2014-08-22,0.010115313
2014-08-25,0.010265928
2014-08-26,0.010056611
2014-08-27,0.009951078
2014-08-28,0.009871451
2014-08-29,0.010058178
2014-09-02,0.009766002
2014-09-03,0.010024189
2014-09-04,0.009600277
2014-09-05,0.009872100
2014-09-08,0.009954690
2014-09-09,0.009766908
2014-09-10,0.009931093
2014-09-11,0.009853973
2014-09-12,0.010045658
2014-09-15,0.010236676
2014-09-16,0.010069388
2014-09-17,0.009605493
2014-09-18,0.009724307
2014-09-19,0.010317280
2014-09-22,0.010171232
2014-09-23,0.010309404
2014-09-24,0.010083366
2014-09-25,0.009841362
2014-09-26,0.010032839
2014-09-29,0.009903319
2014-09-30,0.010223955
2014-10-01,0.009895293
2014-10-02,0.009928065
2014-10-03,0.009985996
2014-10-06,0.010479405
2014-10-07,0.010201645
2014-10-08,0.010574295
2014-10-09,0.010617483
2014-10-10,0.010719986
2014-10-13,0.010684891
2014-10-14,0.011028894
2014-10-15,0.011589843
2014-10-16,0.011001188
2014-10-17,0.011009638
2014-10-20,0.011017736
2014-10-21,0.011193737
2014-10-22,0.011008819
2014-10-23,0.011341088
2014-10-24,0.011472529
2014-10-27,0.011545736
2014-10-28,0.011416258
2014-10-29,0.011637251
2014-10-30,0.011189448
2014-10-31,0.011069413
2014-11-03,0.011187602
2014-11-04,0.011528988
2014-11-05,0.010959013
2014-11-06,0.011378772
2014-11-07,0.011343285
2014-11-10,0.011544452
2014-11-11,0.011564309
2014-11-12,0.011671207
2014-11-13,0.011588843
2014-11-14,0.011644405
2014-11-17,0.011463474
2014-11-18,0.011101373
2014-11-19,0.011170591
2014-11-20,0.011379277
2014-11-21,0.011362557
2014-11-24,0.012009826
2014-11-25,0.011501986
2014-11-26,0.011092570
2014-11-28,0.011440968
2014-12-01,0.011774573
2014-12-02,0.011827099
2014-12-03,0.011091183
2014-12-04,0.011444999
2014-12-05,0.011512007
2014-12-08,0.011057220
2014-12-09,0.011272673
2014-12-10,0.011509111
2014-12-11,0.011614898
2014-12-12,0.012275433
2014-12-15,0.011974487
2014-12-16,0.012092827
2014-12-17,0.012253989
2014-12-18,0.012829967
2014-12-19,0.012427591
2014-12-22,0.012413588
2014-12-23,0.012944450
2014-12-24,0.012934201
2014-12-26,0.012388918
2014-12-29,0.012469304
2014-12-30,0.012001354
2014-12-31,0.012620302
2015-01-02,0.012980843
2015-01-05,0.013727492
2015-01-06,0.013767983
2015-01-07,0.013638946
2015-01-08,0.013801171
2015-01-09,0.012968897
2015-01-12,0.013648069
2015-01-13,0.013048886
2015-01-14,0.013515482
2015-01-15,0.013891089
2015-01-16,0.013731265
2015-01-20,0.013135189
2015-01-21,0.013405934
2015-01-22,0.013727278
2015-01-23,0.013574169
2015-01-26,0.013642431
2015-01-27,0.013509267
2015-01-28,0.013802456
2015-01-29,0.013681564
2015-01-30,0.014221234
2015-02-02,0.014036448
2015-02-03,0.013349992
2015-02-04,0.014406967
2015-02-05,0.013963184
2015-02-06,0.014799606
2015-02-09,0.013953023
2015-02-10,0.014732610
2015-02-11,0.014582040
2015-02-12,0.015245373
2015-02-13,0.014944963
2015-02-17,0.015443108
2015-02-18,0.015061977
2015-02-19,0.015273776
2015-02-20,0.015554779
2015-02-23,0.015004111
2015-02-24,0.015223822
2015-02-25,0.014806860
2015-02-26,0.015042365
2015-02-27,0.014970969
2015-03-02,0.014373615
2015-03-03,0.014173884
2015-03-04,0.014757287
2015-03-05,0.014593864
2015-03-06,0.014622044
2015-03-09,0.014887994
2015-03-10,0.015119484
2015-03-11,0.015218830
2015-03-12,0.015005244
2015-03-13,0.015073671
2015-03-16,0.014668254
2015-03-17,0.015404514
2015-03-18,0.015050282
2015-03-19,0.014684430
2015-03-20,0.014406314
2015-03-23,0.014819204
2015-03-24,0.014765727
2015-03-25,0.014680202
2015-03-26,0.014412741
2015-03-27,0.014693608
2015-03-30,0.014527794
2015-03-31,0.014967944
2015-04-01,0.014705502
2015-04-02,0.014929069
2015-04-06,0.014768395
2015-04-07,0.015485754
2015-04-08,0.014773304
2015-04-09,0.014712453
2015-04-10,0.014562728
2015-04-13,0.014370163
2015-04-14,0.014484205
2015-04-15,0.013818651
2015-04-16,0.013990764
2015-04-17,0.013352647
2015-04-20,0.013388283
2015-04-21,0.013344095
2015-04-22,0.014226620
2015-04-23,0.013906695
2015-04-24,0.013932151
2015-04-27,0.013040686
2015-04-28,0.013284629
2015-04-29,0.013484648
2015-04-30,0.013506172
2015-05-01,0.012880680
2015-05-04,0.012510804
2015-05-05,0.012104206
2015-05-06,0.012290974
2015-05-07,0.011887651
2015-05-08,0.012337681
2015-05-11,0.012095127
2015-05-12,0.012223618
2015-05-13,0.012150888
2015-05-14,0.011854498
2015-05-15,0.012029093
2015-05-18,0.011993501
2015-05-19,0.012054483
2015-05-20,0.012475072
2015-05-21,0.012359007
2015-05-22,0.012286904
2015-05-26,0.011718364
2015-05-27,0.011612540
2015-05-28,0.011638882
2015-05-29,0.011791264
2015-06-01,0.011544367
2015-06-02,0.011448256
2015-06-03,0.011595653
2015-06-04,0.012098853
2015-06-05,0.012085181
2015-06-08,0.011378742
2015-06-09,0.011853051
2015-06-10,0.011182917
2015-06-11,0.011122806
2015-06-12,0.010739868
2015-06-15,0.010418751
2015-06-16,0.010455113
2015-06-17,0.010483606
2015-06-18,0.010441759
2015-06-19,0.010671454
2015-06-22,0.010974535
2015-06-23,0.010736006
2015-06-24,0.010897370
2015-06-25,0.010563942
2015-06-26,0.010249286
2015-06-29,0.011050277
2015-06-30,0.011311378
2015-07-01,0.011064358
2015-07-02,0.011744848
2015-07-06,0.011721566
2015-07-07,0.011940114
2015-07-08,0.011255198
2015-07-09,0.011232944
2015-07-10,0.011369537
2015-07-13,0.011612803
2015-07-14,0.011708894
2015-07-15,0.011710804
2015-07-16,0.011757556
2015-07-17,0.011780311
2015-07-20,0.011898915
2015-07-21,0.012213404
2015-07-22,0.011593498
2015-07-23,0.011605449
2015-07-24,0.011872284
2015-07-27,0.012054257
2015-07-28,0.012197752
2015-07-29,0.012789576
2015-07-30,0.012558154
2015-07-31,0.012238830
2015-08-03,0.011480927
2015-08-04,0.011658781
2015-08-05,0.011996366
2015-08-06,0.011706033
2015-08-07,0.011712313
2015-08-10,0.011256495
2015-08-11,0.011374554
2015-08-12,0.011523383
2015-08-13,0.011623579
2015-08-14,0.011885193
2015-08-17,0.011410939
2015-08-18,0.011882739
2015-08-19,0.011533719
2015-08-20,0.011987130
2015-08-21,0.013206181
2015-08-24,0.014002855
2015-08-25,0.014736102
2015-08-26,0.015547925
2015-08-27,0.015575104
2015-08-28,0.015911690
2015-08-31,0.016023407
2015-09-01,0.016193648
2015-09-02,0.016117491
2015-09-03,0.015482270
2015-09-04,0.015231923
2015-09-08,0.016118439
2015-09-09,0.016798134
2015-09-10,0.017587444
2015-09-11,0.017367360
2015-09-14,0.017356806
2015-09-15,0.017682941
2015-09-16,0.016795500
2015-09-17,0.016523095
2015-09-18,0.017045798
2015-09-21,0.017114778
2015-09-22,0.016935501
2015-09-23,0.017439767
2015-09-24,0.017193075
2015-09-25,0.017293768
2015-09-28,0.017758697
2015-09-29,0.017438077
2015-09-30,0.017291658
2015-10-01,0.017525058
2015-10-02,0.017396263
2015-10-05,0.017018897
2015-10-06,0.017498841
2015-10-07,0.017124093
2015-10-08,0.017873423
2015-10-09,0.017220260
2015-10-12,0.017464890
2015-10-13,0.018166829
2015-10-14,0.018304787
2015-10-15,0.017540980
2015-10-16,0.016899342
2015-10-19,0.017905715
2015-10-20,0.017819094
2015-10-21,0.017142570
2015-10-22,0.016424080
2015-10-23,0.017096487
2015-10-26,0.017015024
2015-10-27,0.017859023
2015-10-28,0.017387159
2015-10-29,0.017496780
2015-10-30,0.017569762
2015-11-02,0.017425127
2015-11-03,0.018639685
2015-11-04,0.017917466
2015-11-05,0.017230625
2015-11-06,0.016997738
2015-11-09,0.017886262
2015-11-10,0.017340588
2015-11-11,0.017897964
2015-11-12,0.018282141
2015-11-13,0.017846876
2015-11-16,0.017871150
2015-11-17,0.017482287
2015-11-18,0.017403515
2015-11-19,0.018903205
2015-11-20,0.018355954
2015-11-23,0.015853119
2015-11-24,0.014817217
2015-11-25,0.014555446
2015-11-27,0.014118602
2015-11-30,0.014643380
2015-12-01,0.014951572
2015-12-02,0.013409732
2015-12-03,0.013377082
2015-12-04,0.013594073
2015-12-07,0.013486592
2015-12-08,0.013440636
2015-12-09,0.013321833
2015-12-10,0.013278109
2015-12-11,0.013269158
2015-12-14,0.013049209
2015-12-15,0.012898015
2015-12-16,0.013652962
2015-12-17,0.013504469
2015-12-18,0.013688337
2015-12-21,0.013618686
2015-12-22,0.014268253
2015-12-23,0.014743262
2015-12-24,0.014291841
2015-12-28,0.014050856
2015-12-29,0.013639134
2015-12-30,0.013770490
2015-12-31,0.013680030
2016-01-04,0.013940971
2016-01-05,0.014156035
2016-01-06,0.013636435
2016-01-07,0.014455039
2016-01-08,0.014844477
2016-01-11,0.014815095
2016-01-12,0.014822681
2016-01-13,0.014575251
2016-01-14,0.015265638
2016-01-15,0.015387558
2016-01-19,0.015436738
2016-01-20,0.015877176
2016-01-21,0.016642640
2016-01-22,0.016452671
2016-01-25,0.016715154
2016-01-26,0.016637363
2016-01-27,0.016948068
2016-01-28,0.016573374
2016-01-29,0.017534973
2016-02-01,0.015842921
2016-02-02,0.016351486
2016-02-03,0.017200352
2016-02-04,0.016536048
2016-02-05,0.016789382
2016-02-08,0.016781113
2016-02-09,0.017135532
2016-02-10,0.016583023
2016-02-11,0.017408518
2016-02-12,0.018013816
2016-02-16,0.016912155
2016-02-17,0.018571316
2016-02-18,0.017761543
2016-02-19,0.017530566
2016-02-22,0.017968814
2016-02-23,0.017678886
2016-02-24,0.018130087
2016-02-25,0.017779835
2016-02-26,0.018414372
2016-02-29,0.018530801
2016-03-01,0.017781384
2016-03-02,0.018071785
2016-03-03,0.018433885
2016-03-04,0.017871419
2016-03-07,0.017997656
2016-03-08,0.017818544
2016-03-09,0.017908022
2016-03-10,0.017717704
2016-03-11,0.018098000
2016-03-14,0.017668856
2016-03-15,0.017924813
2016-03-16,0.018605622
2016-03-17,0.018519014
2016-03-18,0.018301837
2016-03-21,0.018492804
2016-03-22,0.017580276
2016-03-23,0.017784828
2016-03-24,0.018121502
2016-03-28,0.017678936
2016-03-29,0.017475074
2016-03-30,0.017552462
2016-03-31,0.017722683
2016-04-01,0.017871635
2016-04-04,0.017921913
2016-04-05,0.017864616
2016-04-06,0.017739930
2016-04-07,0.017603573
2016-04-08,0.017593224
2016-04-11,0.017976732
2016-04-12,0.018241476
2016-04-13,0.018140567
2016-04-14,0.018359378
2016-04-15,0.017532066
2016-04-18,0.017293521
2016-04-19,0.017194171
2016-04-20,0.017482482
2016-04-21,0.017224032
2016-04-22,0.017440107
2016-04-25,0.017060507
2016-04-26,0.016777350
2016-04-27,0.016518509
2016-04-28,0.016106388
2016-04-29,0.016368341
2016-05-02,0.016497844
2016-05-03,0.016423385
2016-05-04,0.016340340
2016-05-05,0.016767680
2016-05-06,0.016390031
2016-05-09,0.015890531
2016-05-10,0.015436138
2016-05-11,0.015221281
2016-05-12,0.014906737
2016-05-13,0.014809853
2016-05-16,0.015052537
2016-05-17,0.014718263
2016-05-18,0.013948444
2016-05-19,0.013724733
2016-05-20,0.013989410
2016-05-23,0.014376166
2016-05-24,0.013876359
2016-05-25,0.013911933
2016-05-26,0.014430024
2016-05-27,0.013717210
2016-05-31,0.013841127
2016-06-01,0.013354888
2016-06-02,0.013665558
2016-06-03,0.013077461
2016-06-06,0.012718206
2016-06-07,0.013022925
2016-06-08,0.012939236
2016-06-09,0.012662984
2016-06-10,0.012783540
2016-06-13,0.012282423
2016-06-14,0.012852381
2016-06-15,0.012954243
2016-06-16,0.012381550
2016-06-17,0.012479308
2016-06-20,0.012171433
2016-06-21,0.011910548
2016-06-22,0.012454066
2016-06-23,0.012168400
2016-06-24,0.013161584
2016-06-27,0.013612704
2016-06-28,0.014285778
2016-06-29,0.014025935
2016-06-30,0.013906047
2016-07-01,0.013821680
2016-07-05,0.013763203
2016-07-06,0.014034395
2016-07-07,0.013831731
2016-07-08,0.014204209
2016-07-11,0.013941904
2016-07-12,0.014455141
2016-07-13,0.014033241
2016-07-14,0.014098551
2016-07-15,0.014553149
2016-07-18,0.014214517
2016-07-19,0.014597809
2016-07-20,0.014332907
2016-07-21,0.014557441
2016-07-22,0.013885940
2016-07-25,0.013583545
2016-07-26,0.013869808
2016-07-27,0.013537169
2016-07-28,0.013679255
2016-07-29,0.013705937
2016-08-01,0.014278267
2016-08-02,0.014352717
2016-08-03,0.014007262
2016-08-04,0.013733909
2016-08-05,0.013713478
2016-08-08,0.014056879
2016-08-09,0.013936808
2016-08-10,0.013835539
2016-08-11,0.013382259
2016-08-12,0.013293930
2016-08-15,0.013523433
2016-08-16,0.013624841
2016-08-17,0.013397039
2016-08-18,0.012952445
2016-08-19,0.013650796
2016-08-22,0.013309251
2016-08-23,0.012840982
2016-08-24,0.012474757
2016-08-25,0.012654065
2016-08-26,0.012640825
2016-08-29,0.012302726
2016-08-30,0.012793232
2016-08-31,0.013098710
2016-09-01,0.012473980
2016-09-02,0.012650934
2016-09-06,0.012258724
2016-09-07,0.012628243
2016-09-08,0.012120600
2016-09-09,0.012770978
2016-09-12,0.012762624
2016-09-13,0.012372684
2016-09-14,0.012263814
2016-09-15,0.012629657
2016-09-16,0.012516415
2016-09-19,0.012863061
2016-09-20,0.012355445
2016-09-21,0.012582120
2016-09-22,0.012897491
2016-09-23,0.013118905
2016-09-26,0.012983295
2016-09-27,0.011806137
2016-09-28,0.012255040
2016-09-29,0.011564782
2016-09-30,0.011599890
2016-10-03,0.011459350
2016-10-04,0.011441565
2016-10-05,0.011368037
2016-10-06,0.011278166
2016-10-07,0.011272957
2016-10-10,0.011417938
2016-10-11,0.011257261
2016-10-12,0.011617542
2016-10-13,0.011360934
2016-10-14,0.011474668
2016-10-17,0.011496240
2016-10-18,0.011663108
2016-10-19,0.011930281
2016-10-20,0.012255831
2016-10-21,0.011976479
2016-10-24,0.012005923
2016-10-25,0.011493440
2016-10-26,0.011678804
2016-10-27,0.011674506
2016-10-28,0.011611836
2016-10-31,0.012003994
2016-11-01,0.011160135
2016-11-02,0.011414937
2016-11-03,0.011302002
2016-11-04,0.011379437
2016-11-07,0.011392056
2016-11-08,0.011514982
2016-11-09,0.011983942
2016-11-10,0.012051707
2016-11-11,0.012700793
2016-11-14,0.012546819
